"Country","City","GalleryName","Website","NotSure"
,,"Find a store near you | SUCK UK",,"https://www.suck.uk.com/stockists/"
,,"Subscribe to read | Financial Times",,"https://www.ft.com/content/c6d5cf04-141d-11e9-a581-4ff78404524e"
,,"GROHE 34565000 | Grohtherm 800 Shower Thermostat Shower Set: Amazon.co.uk: DIY & Tools",,"https://www.amazon.co.uk/GROHE-34565000-Grohtherm-Shower-Thermostat/dp/B00RTG3O0Q"
,,"Stockists UK",,"https://senso.com.au/pages/united-kingdom"
,,"Find a store near you | SUCK UK",,"https://www.suck.uk.com/stockists/"
,,"UK Stockists — Anna Campbell",,"https://www.annacampbell.com.au/uk-stockists"
,,"Stockists | Silverfish UK",,"https://www.silverfish-uk.com/branchlocator.aspx"
,,"Stockists UK",,"https://senso.com.au/pages/united-kingdom"
,,"Stockists - Scarpa",,"https://www.scarpa.co.uk/stockists/"
,,"UK Stockists",,"https://www.tracklements.co.uk/uk-stockists"
,,"Our Stockists",,"https://www.cowshed.com/uk/stockists"
,,"Rab® Stockists | Rab® UK",,"https://rab.equipment/uk/stockists"
,,"UK Stockists Stylecraft Yarns",,"https://www.stylecraft-yarns.co.uk/stockists.php"
,,"our stockists - Method UK",,"https://methodproducts.co.uk/find-a-store/"
,,"Stockists: UK - Stephanie Allin",,"https://www.stephanieallin.net/stockists/uk/"
,,"UK Stockists",,"https://www.flaktgroup.com/uk/woods/stockists/"
,,"Stockists | Charlotte Tilbury",,"https://www.charlottetilbury.com/uk/help/stockists"
,,"Stockists",,"https://www.rittal.com/uk-en/content/eng/stockists/stockist_1.jsp"
,,"Stockists | Jewellery by Monica Vinader",,"https://www.monicavinader.com/us/stockists/uk"
,,"Find Your Nearest Stockist of Sealskinz Products",,"https://www.sealskinz.com/locations"
,,"Find a Jané Stockist",,"https://www.jane-uk.com/en/us/Find-a-Stockist/cc-42.aspx"
,,"Error 404",,"http://www.genesisbikes.co.uk/stockists"
,,"UK Stockists - Hippychick",,"https://www.hippychick.com/stockists"
,,"UK STOCKISTS – Rathbornes 1488",,"https://www.rathbornes1488.com/pages/uk-stockists"
,,"Stockists: UK | Kirk & Kirk",,"https://www.kirkandkirk.com/pages/stockists-uk"
,,"Clogau Stockists | Find a Clogau Stockist | Clogau Gold",,"https://www.clogau.co.uk/stockists.aspx"
,,"Gas Refill: Find Your Nearest Stockist | Flogas",,"https://www.flogas.co.uk/stockists"
,,"FIND A STOCKIST – Fusion Mineral Paint UK",,"https://fusionmineralpaint.uk/find-a-stockist/"
,,"AURO UK Natural Organic Paints",,"http://www.auro-uk.com/stockists"
,,"Stockists - Toast Ale",,"https://www.toastale.com/stockists/"
,,"UK Stockists - ecoegg.com",,"https://www.ecoegg.com/stockists/uk/"
,,"Stockists",,"https://nudebynature.eu/pages/stockists"
,,"Find a Stockist | Crown Paints",,"https://www.crownpaints.co.uk/stockists"
,,"Ombar",,"https://www.ombar.co.uk/apps/stockists"
,,"Smeg Stockists",,"http://www.smeguk.com/stockists"
,,"Stockists | daiwasports.co.uk",,"https://www.daiwasports.co.uk/stockistmap/list"
,,"OSMO UK - Find a Supplier",,"https://www.osmouk.com/stockist.cfm"
,,"Stockists - Gorenje",,"https://www.gorenje.co.uk/stockist/uk-stockists"
,,"Alt-Berg Boots Retailers and Stockists UK & Europe - Alt-Berg Boots",,"https://www.altberg.co.uk/stockists/"
,,"- Tailwind Nutrition UK Retailers",,"https://www.tailwindnutrition.co.uk/retailers.html"
,,"UK Stockists | Durapipe UK",,"https://www.durapipe.co.uk/about/stockists/"
,,"Stockists – Just Water UK",,"https://justwater.co.uk/stockists/"
,,"UK stockists - UK stockists",,"https://www.geniusglutenfree.com/en_gb/stockists/gb"
,,"Stockists | Maxxis Tyres UK",,"https://www.maxxis.co.uk/dealer-locator"
,,"UK and International Stockists - TORQ Ltd",,"https://www.torqfitness.co.uk/stockists"
,,"STOCKISTS",,"https://www.frezyderm.co.uk/stores/"
,,"Stockists Archive - Astonish",,"https://www.astonishcleaners.co.uk/stockists/"
,,"Stockists ",,"https://www.nikwax.com/en-gb/stockists/index.php"
,,"Stockists",,"https://www.teapigs.co.uk/locations"
,,"Stockists - Lily Lolo Mineral Cosmetics",,"https://www.lilylolo.co.uk/stockists.asp"
,,"UK Stockists | Grow Gorgeous  | Free Delivery",,"https://m.growgorgeous.com/about-growgorgeous/uk-stockists.list"
,,"STOCKISTS ~ Peregrine Clothing UK ~ British made since 1796 — PEREGRINE",,"https://www.peregrineclothing.co.uk/official-stockists"
,,"Stockist search",,"https://wienerberger.co.uk/resources/stockist-search"
,,"UK - STOCKISTS",,"https://www.dinosaurdesigns.com.au/stockists-uk/"
,,"Where to Buy in UK - Charnwood Stoves",,"https://www.charnwood.com/where-to-buy-uk/"
,,"WelleCo Stockists | WelleCo.co.uk",,"https://www.welleco.co.uk/pages/welleco-stockists"
,,"England",,"https://www.thisworks.com/stockists/england/"
,,"Where To Buy VIONIC Shoes in the UK",,"https://www.vionicshoes.co.uk/store-locator"
,,"UK Stockists",,"https://www.baileyshorsefeeds.co.uk/uk-stockists"
,,"UK Stockists",,"https://www.foodsofathenry.ie/stockists/uk-stockists"
,,"Stockists | Ksubi UK",,"https://www.ksubi.com/uk/stockists"
,,"Sugden Audio UK Stockists","https://www.sugdenaudio.com",
,,"Stockists - Skin Doctors UK",,"https://skindoctors.co.uk/stockists/"
,,"uk-stockists",,"https://www.dobyverrolec.com/uk-stockists.html"
,,"Stockists - Texecom",,"https://www.texe.com/uk/stockists/"
,,"Stockists | Sophia Tolli",,"http://www.sophiatolli.co.uk/category/stockists/"
,,"Stockists - Jelly Belly UK",,"https://www.jellybelly.co.uk/stockists"
,,"Find a Store | MooGoo Skincare",,"https://moogooskincare.co.uk/stockists"
,,"Stockists",,"https://www.nailberry.co.uk/pages/stockists"
,,"UK Stockists",,"https://www.selvedge.org/pages/uk-stockists"
,,"UK Stockists Archives - Barleystone Paving",,"https://www.barleystone.com/category/uk-stockists/"
,,"Find retailers in your country",,"https://www.gardena.com/uk/support/find-store-or-service/"
,,"UK Stockists",,"https://www.bona.com/en-gb/Romana/Cauta-distribuitor/"
,,"Stockists - Obey Clothing UK",,"https://obeyclothing.co.uk/stockists/"
,,"UK Stockists",,"https://www.norbar.com/en-gb/UK-Stockists"
,,"Stockists | Zinsser UK",,"http://www.zinsseruk.com/stockists/"
,,"Store Locator - Wet & Forget UK Stockists",,"https://www.wetandforget.co.uk/storelocator"
,,"404 Not Found",,"http://www.maxhosa.co.za/stockists/south-africa/uk"
,,"Campingaz - Retailer Locator",,"https://www.campingaz.com/uk/t-retailerlocator.aspx"
,,"Stockist Locator - ARDEX UK",,"https://ardex.co.uk/services/stockist-locator/"
,,"Where to buy Divine",,"http://www.divinechocolate.com/uk/store-finder"
,,"Buy Paint & Luxury Wallpaper Online - Little Greene Paint Company",,"https://www.littlegreene.eu/find-a-stockist"
,,"Saltwater Sandals Stockist UK. Official European & East Asian Distributor",,"https://www.salt-watersandals.com/stockists/"
,,"Stockists | Bedrooms & Wardrobes | Wiemann Uk",,"http://wiemannuk.co.uk/stockists/"
,,"Find a bareMinerals store near you | bareMinerals UK Facebook Twitter Instagram Pinterest YouTube bareMinerals Home bareMinerals Home",,"https://www.bareminerals.co.uk/find-a-store/"
,,"Stockists – Hiut Denim Co.",,"https://hiutdenim.co.uk/pages/stockists"
,,"Stockists | Find our stores and counters − Liz Earle",,"https://uk.lizearle.com/content/faqs-stockists"
,,"UK Stockists - Protexin Pro-Kolin",,"https://www.pro-kolin.com/uk-stockists"
,,"Aspen Fuels Stockists | Buy Aspen Petrol | Aspen Fuel",,"https://aspenfuel.co.uk/where-to-buy/"
,,"Where To Buy Biona | Organic Food Stores",,"http://biona.co.uk/page-104.html"
,,"Stockists",,"https://sugru.com/stockists"
,,"Where to Buy — Halo Top® (UK)",,"https://www.halotop.uk/where-to-buy/"
,,"Giant Retailers - find your local Giant / Liv bicycle dealer / stockist in the UK | Giant Bicycles United Kingdom",,"https://www.giant-bicycles.com/gb/retailers"
